{"1": {"name": "Tracing Steps", "sentiment": 0.10122797341547342, "log_rts": 2.143014800254095, "log_number": 2.0170333392987803, "log_favorites": 2.909020854211156, "log_time": 1.4154367263354604, "id": "0rY6eMNP3hXxEodeEOdKIk"}, "2": {"name": "sanjake", "sentiment": 0.0874291402028628, "log_rts": 2.170261715394957, "log_number": 2.1367205671564067, "log_favorites": 2.9527924430440917, "log_time": 0.868787042671819, "id": "3oBbNQot23WQVDg6aUak04"}, "3": {"name": "Trap Love", "sentiment": 0.45027777777777783, "log_rts": 0.0, "log_number": 1.0791812460476247, "log_favorites": 0.7781512503836435, "log_time": 2.243696384330922, "id": "307WAuPuAGxZz7EWoA6LQD"}, "4": {"name": "New Comedown", "sentiment": 0.13424995419043054, "log_rts": 1.9344984512435675, "log_number": 2.276461804173244, "log_favorites": 2.4232458739368075, "log_time": 1.070524479212049, "id": "4kbBYfLMIfzAnt9WoSDmvS"}, "5": {"name": "Romantic Garbage", "sentiment": 0.03506731820368185, "log_rts": 1.0, "log_number": 1.7403626894942439, "log_favorites": 1.8920946026904801, "log_time": 0.9345817069849571, "id": "1mkvfjW9kX5fbSLfubdz2U"}, "6": {"name": "Landslide", "sentiment": 0.15124275120197572, "log_rts": 3.9927743642553555, "log_number": 3.564073978977147, "log_favorites": 4.475918041439468, "log_time": 2.223934310450828, "id": "6OVByUfLZeuGrse7bBiM41"}}