{"1": {"name": "Confessions of a Dangerous Mind", "sentiment": -0.4033414671340347, "log_rts": 4.538184000858267, "log_number": 3.5016069224188286, "log_favorites": 5.221458577958301, "log_time": 2.129194607800492, "id": "5CE0V7z1ePOZQNJNpWxYGA"}, "2": {"name": "Green Light Go", "sentiment": 0.11548410485826481, "log_rts": 3.20194306340165, "log_number": 2.8305886686851442, "log_favorites": 3.9891827512555476, "log_time": 2.218765019230849, "id": "5ejaRY8r27tuC6trrwAZJQ"}, "3": {"name": "Bitter Love", "sentiment": 0.1940380121353575, "log_rts": 2.2405492482825995, "log_number": 2.3541084391474008, "log_favorites": 3.2911467617318855, "log_time": 2.198996737256241, "id": "4wOXx92SlZWxNtuBytlMsK"}, "4": {"name": "Veneno", "sentiment": -0.037205921650366104, "log_rts": 1.6901960800285134, "log_number": 1.9084850188786497, "log_favorites": 2.408239965311849, "log_time": 2.1944563593975888, "id": "19vrzibX1lFlT2V2ToVQkv"}, "5": {"name": "Bad To Worse", "sentiment": -0.41635115053915467, "log_rts": 2.753583058892906, "log_number": 2.786751422145561, "log_favorites": 3.3176455432211585, "log_time": 2.475091777029228, "id": "4UnkELKTWTBKeuQHiiVdsl"}, "6": {"name": "2all", "sentiment": 0.11613514830786023, "log_rts": 3.6949560022498176, "log_number": 3.374381698050882, "log_favorites": 4.399448729814231, "log_time": 2.130345224131262, "id": "0cDEFCbsDMQbxKodJyRhsK"}}