{
  "1": {
    "number_vs_time": 8.291617041818604,
    "name": "HOT STEPPA",
    "sentiment": 0.22780993609565045,
    "number": 125,
    "favorites": 2346,
    "rts": 409,
    "id": "0Okhidaj0Kyyh47jOHiBaL"
  },
  "2": {
    "number_vs_time": 13.432148866356282,
    "name": "A Scent of Lily",
    "sentiment": 0.10224134199134201,
    "number": 20,
    "favorites": 15,
    "rts": 2,
    "id": "0lx9ZK0JgUpdbdJttvDMsl"
  },
  "3": {
    "number_vs_time": 18.674794209244645,
    "name": "Everybody Here Hates You",
    "sentiment": 0.04045192870192863,
    "number": 555,
    "favorites": 3043,
    "rts": 429,
    "id": "3Gjk9HvG1T6yeoOJGW6eoK"
  },
  "4": {
    "number_vs_time": 2.4625051042043724,
    "name": "Fixture Picture",
    "sentiment": 0.0928475110582954,
    "number": 255,
    "favorites": 816,
    "rts": 201,
    "id": "1W8AlDXkLdYbBivtBkCblK"
  },
  "5": {
    "number_vs_time": 7.6173015214715125,
    "name": "Favourite Ex",
    "sentiment": 0.15280738221214413,
    "number": 105,
    "favorites": 1060,
    "rts": 169,
    "id": "1a1SQeSqUKzH5OUVTEx4ae"
  },
  "6": {
    "number_vs_time": 12.471010866595128,
    "name": "Tunnelovision",
    "sentiment": 0.14481887755102044,
    "number": 100,
    "favorites": 2026,
    "rts": 402,
    "id": "27amyuHPB1IZQZoTmb8Tjo"
  },
  "7": {
    "number_vs_time": 19.243999123736238,
    "name": "Fluttering In The Floodlights",
    "sentiment": 0.12388705821541643,
    "number": 67,
    "favorites": 220,
    "rts": 49,
    "id": "1ZEEm3E9Yvho5mYyzGFvxy"
  }
}
