{
  "1": {
    "number_vs_time": 16.364658923811806,
    "name": "SICKO MODE",
    "sentiment": 0.0559917575312214,
    "number": 862,
    "favorites": 15957,
    "rts": 2393,
    "id": "2xLMifQCjDGFmkHkpNLD9h"
  },
  "2": {
    "number_vs_time": 13.443988450642253,
    "name": "Numb Numb Juice",
    "sentiment": -0.46042403035369317,
    "number": 856,
    "favorites": 6534,
    "rts": 1411,
    "id": "4dTiQezDWmEOWcdCbWVWMp"
  },
  "3": {
    "number_vs_time": 13.979399503574129,
    "name": "Thotiana",
    "sentiment": -0.008218359456345489,
    "number": 763,
    "favorites": 560,
    "rts": 960,
    "id": "3oh6SCCeLuXhFpEyepla6G"
  },
  "4": {
    "number_vs_time": 9.765653295632795,
    "name": "7 rings",
    "sentiment": 0.033243855264647355,
    "number": 505,
    "favorites": 12025,
    "rts": 1788,
    "id": "14msK75pk3pA33pzPVNtBF"
  },
  "5": {
    "number_vs_time": 18.11529417209688,
    "name": "Splashin",
    "sentiment": 0.14647319718448376,
    "number": 1042,
    "favorites": 6526,
    "rts": 1179,
    "id": "79OEIr4J4FHV0O3KrhaXRb"
  },
  "6": {
    "number_vs_time": 11.333800888785476,
    "name": "Last Hurrah",
    "sentiment": 0.055090706743371486,
    "number": 645,
    "favorites": 4197,
    "rts": 556,
    "id": "0i0wnv9UoFdZ5MfuFGQzMy"
  },
  "7": {
    "number_vs_time": 23.406316900858613,
    "name": "Let Me Down Slowly",
    "sentiment": -0.2004382031694778,
    "number": 1333,
    "favorites": 4568,
    "rts": 773,
    "id": "2qxmye6gAegTMjLKEBoR3d"
  },
  "8": {
    "number_vs_time": 20.247262334615424,
    "name": "Old Town Road",
    "sentiment": 0.08766425323473183,
    "number": 1129,
    "favorites": 10227,
    "rts": 1360,
    "id": "2pMl9Sx4glsuk5ikZtFBtX"
  },
  "9": {
    "number_vs_time": 7.110163462471218,
    "name": "Youngblood",
    "sentiment": 0.08449847095223374,
    "number": 392,
    "favorites": 4131,
    "rts": 2091,
    "id": "2iUXsYOEPhVqEBwsqP70rE"
  },
  "10": {
    "number_vs_time": 5.320265461797098,
    "name": "thank u next",
    "sentiment": 0.03295412605071696,
    "number": 275,
    "favorites": 1642,
    "rts": 175,
    "id": "3e9HZxeyfWwjeyPAMmWSSQ"
  },
  "11": {
    "number_vs_time": 4.248431183071954,
    "name": "Stay Flo",
    "sentiment": 0.07889220995980653,
    "number": 233,
    "favorites": 434,
    "rts": 78,
    "id": "6GCIYIWUBSLontW6divqsw"
  },
  "12": {
    "number_vs_time": 16.292589944715512,
    "name": "Undrunk",
    "sentiment": 0.05195106891856609,
    "number": 873,
    "favorites": 13589,
    "rts": 1251,
    "id": "5SHhPFh68OhUmuRPymKX9d"
  },
  "13": {
    "number_vs_time": 24.95015684982969,
    "name": "Murder On My Mind",
    "sentiment": 0.0248130458806705,
    "number": 1244,
    "favorites": 19714,
    "rts": 3373,
    "id": "7eBqSVxrzQZtK2mmgRG6lC"
  },
  "14": {
    "number_vs_time": 7.023492656879257,
    "name": "ghostin",
    "sentiment": 0.07957151748003703,
    "number": 358,
    "favorites": 2555,
    "rts": 249,
    "id": "2vdBo4ALPYbHRUPKgtE5iC"
  },
  "15": {
    "number_vs_time": 20.806309882926552,
    "name": "Mo Bamba",
    "sentiment": 0.04745065804188926,
    "number": 1129,
    "favorites": 11458,
    "rts": 1719,
    "id": "1xzBco0xcoJEDXktl7Jxrr"
  },
  "16": {
    "number_vs_time": 7.705817574459092,
    "name": "Drown In My Mind",
    "sentiment": 0.028519724975317073,
    "number": 456,
    "favorites": 1093,
    "rts": 187,
    "id": "1i2t3VyIcsAonPhK6wjuJp"
  },
  "17": {
    "number_vs_time": 4.710834163158807,
    "name": "All These Things I Used to Have",
    "sentiment": 0.04154098589582461,
    "number": 124,
    "favorites": 92,
    "rts": 13,
    "id": "2GRTYeLJqC0oZBeqiSRn16"
  },
  "18": {
    "number_vs_time": 10.534471395733874,
    "name": "Floating in a Vacuum",
    "sentiment": 0.029769007882259776,
    "number": 95,
    "favorites": 304,
    "rts": 72,
    "id": "0wRGQZJjGaLQtxeQc2EOIf"
  },
  "19": {
    "number_vs_time": 9.449784792669403,
    "name": "Euphoric Dreams",
    "sentiment": 0.06936747466989406,
    "number": 186,
    "favorites": 431,
    "rts": 71,
    "id": "1YzEaZWQHeEGAQADZFA1of"
  },
  "20": {
    "number_vs_time": 10.561102464938939,
    "name": "Dowsabel",
    "sentiment": -0.009566084956709965,
    "number": 24,
    "favorites": 79,
    "rts": 40,
    "id": "5ZfO7u5S2KmwrNBaoIJEG2"
  },
  "21": {
    "number_vs_time": 3.589862668177027,
    "name": "Two More Wishes",
    "sentiment": 0.28539321789321787,
    "number": 6,
    "favorites": 22,
    "rts": 4,
    "id": "0cYRuiM5eqOawt3AA3Peix"
  },
  "22": {
    "number_vs_time": 10.219366659600855,
    "name": "The Weight Of The Badge",
    "sentiment": 0.1829164585414586,
    "number": 26,
    "favorites": 410,
    "rts": 42,
    "id": "0sfbpQvVZ3Omt5M8dtONwH"
  },
  "23": {
    "number_vs_time": 1.1343364177949897,
    "name": "Colorblind Mind",
    "sentiment": 0.14961820586820587,
    "number": 6,
    "favorites": 17,
    "rts": 1,
    "id": "1BbB50A4RYs7VnENtY5XFK"
  },
  "24": {
    "number_vs_time": 1.122723433037973,
    "name": "Until We Fade",
    "sentiment": 0.033368269914465565,
    "number": 115,
    "favorites": 662,
    "rts": 117,
    "id": "1koR6Pk3vbWhtBil1BJrVx"
  },
  "25": {
    "number_vs_time": 20.371972443546962,
    "name": "Honky Tonk Time Machine",
    "sentiment": 0.15308078282828264,
    "number": 250,
    "favorites": 4341,
    "rts": 740,
    "id": "1Xes5PNTjJe3mR48KUmLxY"
  },
  "26": {
    "number_vs_time": 13.5530147217288,
    "name": "Artificial Paradise",
    "sentiment": -0.30374206349206356,
    "number": 105,
    "favorites": 274,
    "rts": 85,
    "id": "2LO4djxEtCZ72VANAk3AQZ"
  },
  "27": {
    "number_vs_time": 3.795058375631919,
    "name": "Shrike",
    "sentiment": 0.12823962252654425,
    "number": 281,
    "favorites": 2419,
    "rts": 381,
    "id": "5uIYONgpUQ7t0v7D6CTMBt"
  },
  "28": {
    "number_vs_time": 17.641918993439365,
    "name": "Even in the Tremor",
    "sentiment": 0.0748981430258054,
    "number": 125,
    "favorites": 1041,
    "rts": 174,
    "id": "49OExGKGl81xjwdwOatU05"
  },
  "29": {
    "number_vs_time": 0.29681227396997445,
    "name": "NIKES",
    "sentiment": 0.03586038961038961,
    "number": 22,
    "favorites": 59,
    "rts": 11,
    "id": "3dJWV1vPs1nxv9A6unFcCr"
  }
}
