{
  "1": {
    "number_vs_time": 16.364658923811806,
    "name": "SICKO MODE",
    "sentiment": 0.0559917575312214,
    "number": 862,
    "favorites": 15957,
    "rts": 2393,
    "id": "2xLMifQCjDGFmkHkpNLD9h"
  },
  "2": {
    "number_vs_time": 13.443988450642253,
    "name": "Numb Numb Juice",
    "sentiment": -0.46042403035369317,
    "number": 856,
    "favorites": 6534,
    "rts": 1411,
    "id": "4dTiQezDWmEOWcdCbWVWMp"
  },
  "3": {
    "number_vs_time": 13.979399503574129,
    "name": "Thotiana",
    "sentiment": -0.008218359456345489,
    "number": 763,
    "favorites": 560,
    "rts": 960,
    "id": "3oh6SCCeLuXhFpEyepla6G"
  },
  "4": {
    "number_vs_time": 9.765653295632795,
    "name": "7 rings",
    "sentiment": 0.033243855264647355,
    "number": 505,
    "favorites": 12025,
    "rts": 1788,
    "id": "14msK75pk3pA33pzPVNtBF"
  },
  "5": {
    "number_vs_time": 18.11529417209688,
    "name": "Splashin",
    "sentiment": 0.14647319718448376,
    "number": 1042,
    "favorites": 6526,
    "rts": 1179,
    "id": "79OEIr4J4FHV0O3KrhaXRb"
  },
  "6": {
    "number_vs_time": 11.333800888785476,
    "name": "Last Hurrah",
    "sentiment": 0.055090706743371486,
    "number": 645,
    "favorites": 4197,
    "rts": 556,
    "id": "0i0wnv9UoFdZ5MfuFGQzMy"
  },
  "7": {
    "number_vs_time": 23.406316900858613,
    "name": "Let Me Down Slowly",
    "sentiment": -0.2004382031694778,
    "number": 1333,
    "favorites": 4568,
    "rts": 773,
    "id": "2qxmye6gAegTMjLKEBoR3d"
  },
  "8": {
    "number_vs_time": 20.247262334615424,
    "name": "Old Town Road",
    "sentiment": 0.08766425323473183,
    "number": 1129,
    "favorites": 10227,
    "rts": 1360,
    "id": "2pMl9Sx4glsuk5ikZtFBtX"
  },
  "9": {
    "number_vs_time": 7.110163462471218,
    "name": "Youngblood",
    "sentiment": 0.08449847095223374,
    "number": 392,
    "favorites": 4131,
    "rts": 2091,
    "id": "2iUXsYOEPhVqEBwsqP70rE"
  },
  "10": {
    "number_vs_time": 5.320265461797098,
    "name": "thank u next",
    "sentiment": 0.03295412605071696,
    "number": 275,
    "favorites": 1642,
    "rts": 175,
    "id": "3e9HZxeyfWwjeyPAMmWSSQ"
  },
  "11": {
    "number_vs_time": 4.248431183071954,
    "name": "Stay Flo",
    "sentiment": 0.07889220995980653,
    "number": 233,
    "favorites": 434,
    "rts": 78,
    "id": "6GCIYIWUBSLontW6divqsw"
  },
  "12": {
    "number_vs_time": 16.292589944715512,
    "name": "Undrunk",
    "sentiment": 0.05195106891856609,
    "number": 873,
    "favorites": 13589,
    "rts": 1251,
    "id": "5SHhPFh68OhUmuRPymKX9d"
  },
  "13": {
    "number_vs_time": 24.95015684982969,
    "name": "Murder On My Mind",
    "sentiment": 0.0248130458806705,
    "number": 1244,
    "favorites": 19714,
    "rts": 3373,
    "id": "7eBqSVxrzQZtK2mmgRG6lC"
  },
  "14": {
    "number_vs_time": 7.023492656879257,
    "name": "ghostin",
    "sentiment": 0.07957151748003703,
    "number": 358,
    "favorites": 2555,
    "rts": 249,
    "id": "2vdBo4ALPYbHRUPKgtE5iC"
  },
  "15": {
    "number_vs_time": 20.806309882926552,
    "name": "Mo Bamba",
    "sentiment": 0.04745065804188926,
    "number": 1129,
    "favorites": 11458,
    "rts": 1719,
    "id": "1xzBco0xcoJEDXktl7Jxrr"
  },
  "16": {
    "number_vs_time": 16.716757061959246,
    "name": "Dowsabel",
    "sentiment": -0.009566084956709965,
    "number": 24,
    "favorites": 80,
    "rts": 40,
    "id": "5ZfO7u5S2KmwrNBaoIJEG2"
  },
  "17": {
    "number_vs_time": 1.1109389446662596,
    "name": "Lavender Bones",
    "sentiment": 0.06731046048669,
    "number": 61,
    "favorites": 582,
    "rts": 68,
    "id": "5bJW3GFEgVklsym3fmCCaL"
  },
  "18": {
    "number_vs_time": 1.0221640476322191,
    "name": "Tea Gambler",
    "sentiment": 0.125,
    "number": 2,
    "favorites": 8,
    "rts": 6,
    "id": "65e76STTTmT7Nru1TDg5rR"
  },
  "19": {
    "number_vs_time": 0.16042578031684152,
    "name": "Op Opa",
    "sentiment": -0.06333333333333332,
    "number": 10,
    "favorites": 35,
    "rts": 4,
    "id": "2rzGN2eI7TsJe5xzx9sOb2"
  },
  "20": {
    "number_vs_time": 18.194220285885354,
    "name": "Artificial Paradise",
    "sentiment": -0.3085623597081931,
    "number": 108,
    "favorites": 286,
    "rts": 89,
    "id": "2LO4djxEtCZ72VANAk3AQZ"
  },
  "21": {
    "number_vs_time": 27.22786615280785,
    "name": "Honky Tonk Time Machine",
    "sentiment": 0.15384998296456606,
    "number": 252,
    "favorites": 4362,
    "rts": 745,
    "id": "1Xes5PNTjJe3mR48KUmLxY"
  },
  "22": {
    "number_vs_time": 21.377502335094043,
    "name": "Even in the Tremor",
    "sentiment": 0.07675576507039339,
    "number": 127,
    "favorites": 1171,
    "rts": 201,
    "id": "49OExGKGl81xjwdwOatU05"
  },
  "23": {
    "number_vs_time": 26.342893329576924,
    "name": "Locationships",
    "sentiment": 0.08729831079557633,
    "number": 1476,
    "favorites": 6371,
    "rts": 723,
    "id": "2nOrEg4ZHuR0cFQHeV8RnI"
  },
  "24": {
    "number_vs_time": 13.563537478398572,
    "name": "Mediocre Karaoke",
    "sentiment": -0.1517374835309618,
    "number": 23,
    "favorites": 87,
    "rts": 24,
    "id": "6V7HBMdRkDXD0Lp2E5YlyX"
  },
  "25": {
    "number_vs_time": 3.0877173557921864,
    "name": "Cacti for Clothes",
    "sentiment": 0.03743506493506493,
    "number": 25,
    "favorites": 2,
    "rts": 0,
    "id": "68CcjsUbRVus2F1MlcvHTx"
  },
  "26": {
    "number_vs_time": 23.980677492939527,
    "name": "Confessions of a Dangerous Mind",
    "sentiment": -0.4142368263210772,
    "number": 1464,
    "favorites": 7470,
    "rts": 1219,
    "id": "5CE0V7z1ePOZQNJNpWxYGA"
  },
  "27": {
    "number_vs_time": 11.651253588287029,
    "name": "Euphoric Dreams",
    "sentiment": 0.06917882993417755,
    "number": 187,
    "favorites": 434,
    "rts": 72,
    "id": "1YzEaZWQHeEGAQADZFA1of"
  },
  "28": {
    "number_vs_time": 1.2865499918177794,
    "name": "No Name No Face",
    "sentiment": -0.05341276521832077,
    "number": 18,
    "favorites": 39,
    "rts": 7,
    "id": "4HsbhFXDC6O30epTPycFQF"
  },
  "29": {
    "number_vs_time": 12.293981910631809,
    "name": "Dont Worry Bout Me",
    "sentiment": 0.132547619047619,
    "number": 100,
    "favorites": 226,
    "rts": 38,
    "id": "507tQXutCPYNFkpOq8tmKF"
  },
  "30": {
    "number_vs_time": 1.9219830523955987,
    "name": "Cardboard Heart",
    "sentiment": 0.03076129417148835,
    "number": 103,
    "favorites": 1630,
    "rts": 200,
    "id": "7KK5qTTb3TycT1crezYzGx"
  },
  "31": {
    "number_vs_time": 17.40875027761828,
    "name": "YNW Home Invasion",
    "sentiment": 0.10303847096299924,
    "number": 106,
    "favorites": 85,
    "rts": 15,
    "id": "6IdY9Bc2TRygRcdfmbviTV"
  },
  "32": {
    "number_vs_time": 1.4841992362978955,
    "name": "Dream on My Baby",
    "sentiment": 0.05625,
    "number": 2,
    "favorites": 0,
    "rts": 0,
    "id": "3Gnx4Cf7unKQgicVQiiTnB"
  },
  "33": {
    "number_vs_time": 3.4711697429702966,
    "name": "Smooth Like The Summer",
    "sentiment": 0.3590719696969697,
    "number": 16,
    "favorites": 4,
    "rts": 2,
    "id": "45TAGq0dVlc59yDfTO7KpK"
  },
  "34": {
    "number_vs_time": 10.132978716875716,
    "name": "ilomilo",
    "sentiment": 0.11756872623030169,
    "number": 622,
    "favorites": 3078,
    "rts": 347,
    "id": "7qEKqBCD2vE5vIBsrUitpD"
  },
  "35": {
    "number_vs_time": 1.433509495713967,
    "name": "Little Piece of Nothing",
    "sentiment": -0.08645609318996415,
    "number": 31,
    "favorites": 25,
    "rts": 1,
    "id": "71hPJJ106daQSnIY34YCg5"
  },
  "36": {
    "number_vs_time": 13.080305373901528,
    "name": "Welcome to Silvertown",
    "sentiment": 0.49730430906961504,
    "number": 70,
    "favorites": 234,
    "rts": 102,
    "id": "3Vm5T4ZUrPXXkJ5YXqfvMX"
  },
  "37": {
    "number_vs_time": 10.714348953473433,
    "name": "Servin Killa Kam",
    "sentiment": 0.05772620364226203,
    "number": 685,
    "favorites": 729,
    "rts": 180,
    "id": "5FWyHjKMW85oZoqgG1zD9b"
  },