{
  "1": {
    "number_vs_time": 15.869245728934404,
    "name": "SICKO MODE",
    "sentiment": 0.04741137220502995,
    "number": 2840,
    "favorites": 56205,
    "rts": 8283,
    "id": "2xLMifQCjDGFmkHkpNLD9h"
  },
  "2": {
    "number_vs_time": 14.236292745701867,
    "name": "Numb Numb Juice",
    "sentiment": -0.46812799091173646,
    "number": 2728,
    "favorites": 13751,
    "rts": 2841,
    "id": "4dTiQezDWmEOWcdCbWVWMp"
  },
  "3": {
    "number_vs_time": 20.201854112325634,
    "name": "Thotiana",
    "sentiment": -0.007733082559004678,
    "number": 3750,
    "favorites": 264027,
    "rts": 72691,
    "id": "3oh6SCCeLuXhFpEyepla6G"
  },
  "4": {
    "number_vs_time": 12.173651275754095,
    "name": "7 rings",
    "sentiment": 0.06832269232182207,
    "number": 2093,
    "favorites": 84576,
    "rts": 21781,
    "id": "14msK75pk3pA33pzPVNtBF"
  },
  "5": {
    "number_vs_time": 1.0154532250489872,
    "name": "Lavender Bones",
    "sentiment": 0.06090868713059723,
    "number": 89,
    "favorites": 388,
    "rts": 38,
    "id": "5bJW3GFEgVklsym3fmCCaL"
  },
  "6": {
    "number_vs_time": 0.8611732830601179,
    "name": "Tea Gambler",
    "sentiment": 0.125,
    "number": 2,
    "favorites": 8,
    "rts": 6,
    "id": "65e76STTTmT7Nru1TDg5rR"
  },
  "7": {
    "number_vs_time": 9.659269088767237,
    "name": "God And Country Music",
    "sentiment": 0.13114367357788412,
    "number": 38,
    "favorites": 188,
    "rts": 69,
    "id": "4RldvvNaEdteK2I0y6NWTR"
  },
  "8": {
    "number_vs_time": 17.852771910464117,
    "name": "Honky Tonk Time Machine",
    "sentiment": 0.14881052875695724,
    "number": 245,
    "favorites": 5034,
    "rts": 857,
    "id": "1Xes5PNTjJe3mR48KUmLxY"
  },
  "9": {
    "number_vs_time": 19.30822883962692,
    "name": "Even in the Tremor",
    "sentiment": 0.07867994712237306,
    "number": 131,
    "favorites": 1230,
    "rts": 212,
    "id": "49OExGKGl81xjwdwOatU05"
  },
  "10": {
    "number_vs_time": 14.546644180038019,
    "name": "Sweet but Psycho",
    "sentiment": 0.31004137740241694,
    "number": 2476,
    "favorites": 12061,
    "rts": 1623,
    "id": "25sgk305KZfyuqVBQIahim"
  },
  "11": {
    "number_vs_time": 22.504531414475743,
    "name": "Locationships",
    "sentiment": 0.12873683854460105,
    "number": 1934,
    "favorites": 7740,
    "rts": 1004,
    "id": "2nOrEg4ZHuR0cFQHeV8RnI"
  },
  "12": {
    "number_vs_time": 16.764044072606826,
    "name": "Splashin",
    "sentiment": 0.1525401765858147,
    "number": 2952,
    "favorites": 16333,
    "rts": 3077,
    "id": "79OEIr4J4FHV0O3KrhaXRb"
  },
  "13": {
    "number_vs_time": 2.8431907534261898,
    "name": "Cacti for Clothes",
    "sentiment": 0.03743506493506493,
    "number": 25,
    "favorites": 2,
    "rts": 0,
    "id": "68CcjsUbRVus2F1MlcvHTx"
  },
  "14": {
    "number_vs_time": 25.10475771996078,
    "name": "Confessions of a Dangerous Mind",
    "sentiment": -0.40473375520159555,
    "number": 1793,
    "favorites": 43756,
    "rts": 9710,
    "id": "5CE0V7z1ePOZQNJNpWxYGA"
  },
  "15": {
    "number_vs_time": 1.7142642714788676,
    "name": "No Name No Face",
    "sentiment": -0.06399561087061087,
    "number": 16,
    "favorites": 36,
    "rts": 7,
    "id": "4HsbhFXDC6O30epTPycFQF"
  },
  "16": {
    "number_vs_time": 22.46232792083931,
    "name": "Let Me Down Slowly",
    "sentiment": -0.19490849271271968,
    "number": 3627,
    "favorites": 15080,
    "rts": 2292,
    "id": "2qxmye6gAegTMjLKEBoR3d"
  },
  "17": {
    "number_vs_time": 16.087854683569226,
    "name": "ilomilo",
    "sentiment": 0.12443292354571371,
    "number": 2381,
    "favorites": 11160,
    "rts": 1130,
    "id": "7qEKqBCD2vE5vIBsrUitpD"
  },
  "18": {
    "number_vs_time": 1.462102085120595,
    "name": "Little Piece of Nothing",
    "sentiment": -0.08645609318996417,
    "number": 31,
    "favorites": 25,
    "rts": 1,
    "id": "71hPJJ106daQSnIY34YCg5"
  },
  "19": {
    "number_vs_time": 14.31065588432985,
    "name": "Welcome to Silvertown",
    "sentiment": 0.5046669464322525,
    "number": 70,
    "favorites": 229,
    "rts": 100,
    "id": "3Vm5T4ZUrPXXkJ5YXqfvMX"
  },
  "20": {
    "number_vs_time": 25.308438589177932,
    "name": "Old Town Road",
    "sentiment": 0.09508737587056577,
    "number": 3950,
    "favorites": 79273,
    "rts": 9378,
    "id": "2pMl9Sx4glsuk5ikZtFBtX"
  },
  "21": {
    "number_vs_time": 12.805809075408124,
    "name": "Servin Killa Kam",
    "sentiment": 0.061704764399240115,
    "number": 887,
    "favorites": 1003,
    "rts": 326,
    "id": "5FWyHjKMW85oZoqgG1zD9b"
  },
  "22": {
    "number_vs_time": 13.416689997982829,
    "name": "Walker Texas Ranger",
    "sentiment": 0.06655313087613758,
    "number": 1505,
    "favorites": 4055,
    "rts": 865,
    "id": "6aYi4lYcAohNhlNWsbWfy0"
  },
  "23": {
    "number_vs_time": 17.353938683847655,
    "name": "Faucet Failure",
    "sentiment": -0.17634097842337534,
    "number": 2807,
    "favorites": 61099,
    "rts": 7189,
    "id": "1ThmUihH9dF8EV08ku5AXN"
  },
  "24": {
    "number_vs_time": 0.8138003356657397,
    "name": "Norfolk Drive",
    "sentiment": 0.10487967914438504,
    "number": 17,
    "favorites": 47,
    "rts": 11,
    "id": "6uIp0dqdS7TvlakhwXrWfi"
  },
  "25": {
    "number_vs_time": 6.079996752931422,
    "name": "Nomad Frays",
    "sentiment": 0.02727272727272727,
    "number": 5,
    "favorites": 4,
    "rts": 2,
    "id": "4V3rTqWRT3PsoY43g9LyPs"
  },
  "26": {
    "number_vs_time": 18.322654294183703,
    "name": "wish you were gay",
    "sentiment": 0.2939648368017186,
    "number": 1711,
    "favorites": 10999,
    "rts": 1402,
    "id": "3Fj47GNK2kUF0uaEDgXLaD"
  },
  "27": {
    "number_vs_time": 20.322938811504354,
    "name": "Artificial Paradise",
    "sentiment": -0.3193860479797982,
    "number": 104,
    "favorites": 289,
    "rts": 90,
    "id": "2LO4djxEtCZ72VANAk3AQZ"
  },
  "28": {
    "number_vs_time": 8.451367233307613,
    "name": "Shrike",
    "sentiment": 0.13925219645297748,
    "number": 1500,
    "favorites": 10749,
    "rts": 1302,
    "id": "5uIYONgpUQ7t0v7D6CTMBt"
  },
  "29": {
    "number_vs_time": 2.106942138409756,
    "name": "Cardboard Heart",
    "sentiment": 0.03265635521885522,
    "number": 100,
    "favorites": 1618,
    "rts": 200,
    "id": "7KK5qTTb3TycT1crezYzGx"
  },
  "30": {
    "number_vs_time": 13.78929517756794,
    "name": "Trouble Always Finds Me",
    "sentiment": -0.09058207800335297,
    "number": 93,
    "favorites": 121,
    "rts": 30,
    "id": "3JEezF1chJ2RwJWQVn85Rm"
  },
  "31": {
    "number_vs_time": 8.383519203843267,
    "name": "Nebula Aerobics",
    "sentiment": 0.08720238095238093,
    "number": 6,
    "favorites": 11,
    "rts": 2,
    "id": "72ZNRYiPG65w6CtnVqtiSZ"
  },
  "32": {
    "number_vs_time": 6.140278056065039,
    "name": "Isle Of Strawberries",
    "sentiment": 0.11593073593073594,
    "number": 15,
    "favorites": 26,
    "rts": 8,
    "id": "5WKAClOGDSDkCgEtGp6wx1"
  },
  "33": {
    "number_vs_time": 7.399475320222137,
    "name": "Do Si Do",
    "sentiment": 0.08039930122516552,
    "number": 71,
    "favorites": 120,
    "rts": 4,
    "id": "6fJBxzll53BBL703Hi3SHQ"
  },
  "34": {
    "number_vs_time": 1.7336300121381127,
    "name": "Colorblind Mind",
    "sentiment": 0.14961820586820587,
    "number": 6,
    "favorites": 17,
    "rts": 1,
    "id": "1BbB50A4RYs7VnENtY5XFK"
  },
  "35": {
    "number_vs_time": 15.598721955210662,
    "name": "YNW Home Invasion",
    "sentiment": 0.09410540915395281,
    "number": 103,
    "favorites": 84,
    "rts": 14,
    "id": "6IdY9Bc2TRygRcdfmbviTV"
  },
  "36": {
    "number_vs_time": 21.160647289656268,
    "name": "Undrunk",
    "sentiment": 0.07040309314676117,
    "number": 3263,
    "favorites": 53777,
    "rts": 5406,
    "id": "5SHhPFh68OhUmuRPymKX9d"
  },
  "37": {
    "number_vs_time": 23.97540190011109,
    "name": "Murder On My Mind",
    "sentiment": 0.02049328475569334,
    "number": 3379,